period_H,horizon,n,mean_%,t,p,long_mean_%,long_p,short_mean_%,short_p,flips_per_1000bars
50,5,29518,0.008307531415895436,2.733015361473634,0.006279476526714899,0.02156383968812582,3.6898549897347396e-08,-0.007622384491757559,0.10903519480117123,69.43738779934289
50,10,29513,0.014720970113683833,3.405468805966937,0.0006613850335130085,0.04139053836253568,2.360375295270031e-13,-0.01733942490625737,0.009301038910277865,69.43738779934289
50,20,29503,0.016453090318788915,2.6354403513476794,0.008407213185088205,0.0709926758303618,1.3587487897139924e-17,-0.049159757812703826,1.835777514689711e-07,69.43738779934289
50,50,29473,0.013792097821296081,1.3948111013348259,0.16308332225547859,0.1537451959935271,3.800815068056447e-30,-0.15428539637673386,1.7144551353628416e-26,69.43738779934289
75,5,29493,0.005732571851267166,1.884417300627613,0.05951837732186987,0.01918368213412949,1.1485069045073053e-06,-0.010382094849955949,0.028176964424312133,56.580107125906835
75,10,29488,0.010574126029100224,2.444029066469802,0.01453007391375623,0.03760247089484944,2.7226050847008042e-11,-0.021813947280281975,0.0010949906958904578,56.580107125906835
75,20,29478,0.016099832319706298,2.5768233710521886,0.009976105639138512,0.07089831352259399,1.710924574850527e-17,-0.0495243515212947,1.4670674467579173e-07,56.580107125906835
75,50,29448,0.04203629591977108,4.248804634569,2.155742221101082e-05,0.18026910719912687,3.9571803795893993e-41,-0.12321854109390747,2.933124348457179e-17,56.580107125906835
100,5,29468,0.007233180110629577,2.375971434488936,0.017509172140989262,0.020581932978572644,1.812100817448512e-07,-0.00887448828191457,0.06113514148805126,48.48505411732772
100,10,29463,0.015893399531533806,3.671115734866557,0.00024192036992311182,0.04244833332965273,5.966167921852768e-14,-0.016148731866121518,0.015708426158425593,48.48505411732772
100,20,29453,0.030682310460709294,4.908245984488654,9.238530567615767e-07,0.08408186077027738,6.4976578730702275e-24,-0.033711500169485105,0.0003484496704447878,48.48505411732772
100,50,29423,0.07907801315155173,7.9927464422858,1.3676226497471522e-15,0.2133045965975341,3.244899126652276e-56,-0.08252677154712047,1.2297475208699293e-08,48.48505411732772
150,5,29418,0.013788121431530175,4.524208956522877,6.085873122034481e-06,0.02585533813309659,4.265290878904728e-11,-0.0016784694312158826,0.7269550925614074,36.67199129932366
150,10,29413,0.027206264713032474,6.2781218748176375,3.4746845273622285e-10,0.05138937678369638,7.346971494558237e-20,-0.0038013335929669703,0.5736688103685208,36.67199129932366
150,20,29403,0.04936222179325449,7.890358696530739,3.117280050154835e-15,0.09851249325921535,2.6189504988393907e-32,-0.013707217248134205,0.14818962783188555,36.67199129932366
150,50,29373,0.09168586793046418,9.264253016300808,2.094367627606029e-20,0.22091462933403203,1.6458107114634495e-61,-0.07413678214727369,4.554494841295047e-07,36.67199129932366
200,5,29368,0.00990974951788159,3.2486806815227247,0.0011607181998007467,0.022452116343723492,8.12588659649639e-09,-0.0067121139762547355,0.167720386247754,30.980832737548088
200,10,29363,0.019956839105865914,4.601566661293795,4.210771236893783e-06,0.045052723374289505,1.3246641908048136e-15,-0.013314837003827079,0.049275655378839364,30.980832737548088
200,20,29353,0.0394755703881636,6.304337274063927,2.9354290073923787e-10,0.0897955110514661,4.598428483558974e-27,-0.027290594243018104,0.003983100555330231,30.980832737548088
200,50,29323,0.07404327270921685,7.469956572150163,8.245442216385141e-14,0.20311273573428484,9.657468652166734e-54,-0.09761860032324944,8.019006828695376e-11,30.980832737548088
250,5,29318,0.0060293817744544375,1.9735570568577192,0.0484415061543513,0.018551549336392796,1.9059138412476421e-06,-0.011262070005893122,0.02142734260348348,31.715718037035774
250,10,29313,0.015229717494236008,3.50604385570085,0.00045549980825147437,0.03982860959279793,1.7470963155404124e-12,-0.01875188631143032,0.0057527217640692884,31.715718037035774
250,20,29303,0.03208713976969714,5.115844624232325,3.14307901628786e-07,0.08122013490612173,2.0589714170806995e-22,-0.03584175276626217,0.00016016010412063097,31.715718037035774
250,50,29273,0.06500306699799364,6.547617140287941,5.942942982183824e-11,0.1916591872538855,3.5216121058770364e-48,-0.11053370607488798,2.371432989195514e-13,31.715718037035774
300,5,29268,0.0045079802247362235,1.4739438006637693,0.14050747868362057,0.01723433518710169,1.0198984923221753e-05,-0.013599684435291727,0.00551715951403797,28.080483722201347
300,10,29263,0.010918586914086375,2.5104459667130277,0.012063226604878782,0.03608940270363825,1.9992415922979555e-10,-0.024910479900888162,0.00023287233266617812,28.080483722201347
300,20,29253,0.02080854779365922,3.3124104445189175,0.0009260784397548078,0.07152993948992178,7.569191136613293e-18,-0.05144999182303045,7.477577610293888e-08,28.080483722201347
300,50,29223,0.056677933346084786,5.700098895678853,1.2088977044896545e-08,0.18361708601274238,7.249941307420244e-45,-0.12461248261025185,3.168477237509661e-16,28.080483722201347
400,5,29168,0.002001731889262698,0.6529180864885661,0.5138142344011727,0.015245037837764585,0.00010885070835297761,-0.016936978983522012,0.0005097460406746501,23.514893908751244
400,10,29163,0.007564279618602583,1.735102816063929,0.08273316028574428,0.03336209228240606,5.006870632950798e-09,-0.029343492874661852,1.3803118035222977e-05,23.514893908751244
400,20,29153,0.01580535529044069,2.50954235233625,0.012094148141586056,0.06732391532037127,4.943958247489949e-16,-0.05796141839272232,1.871155525901891e-09,23.514893908751244
400,50,29123,0.02907985526859053,2.9158251888494826,0.0035501967939278135,0.16018496012058767,2.1879880270830336e-34,-0.15876700451099815,3.1154795334866445e-25,23.514893908751244
500,5,29068,0.002653338783792806,0.8635812356331196,0.38782510146693605,0.015340619775835165,0.00011328983673188385,-0.01633726064648809,0.0007408889032088275,21.738382691844667
500,10,29063,0.008369323656602007,1.9148783774101308,0.05551782187394852,0.03327138418688692,5.2510254450248635e-09,-0.02892063997670081,2.1173258215856454e-05,21.738382691844667
500,20,29053,0.011397980861245592,1.803978278587728,0.07124506596863499,0.062261107749761596,6.844139607804596e-14,-0.06483327820465962,2.110048269178269e-11,21.738382691844667
500,50,29023,0.031205662789253255,3.1189063785747146,0.0018170123600523252,0.15917610957440473,5.589069497092074e-34,-0.1603976537232593,2.1139451749134424e-25,21.738382691844667
750,5,28818,0.0076042686444879595,2.458635372724033,0.013952455704789127,0.018971821500399437,2.056300958570977e-06,-0.010493022734324158,0.03144052601906806,17.90236963536065
750,10,28813,0.016727870598049154,3.8024993248969223,0.0001435388669244788,0.03917675041961584,7.781135645807407e-12,-0.019000941098534983,0.005522128256588437,17.90236963536065
750,20,28803,0.03319500369996058,5.220821985419103,1.7936601551247774e-07,0.07820379374215429,1.0719738223387758e-20,-0.03839884878215813,7.014037046104833e-05,17.90236963536065
750,50,28773,0.08927299992301924,8.873665070735735,7.478907960677431e-19,0.20118792985308687,4.148375847442073e-52,-0.08844404342248748,7.472620785430127e-09,17.90236963536065
1000,5,28568,0.014543611142727215,4.672757988298482,2.985358600410634e-06,0.024029361965531,1.6432904289621467e-09,-0.0014514964741360007,0.770493085646493,12.249326287054211
1000,10,28563,0.02876516000327423,6.497416025013858,8.305536187223201e-11,0.04772418039189616,4.972305909372309e-17,-0.0031950955234971846,0.6494387079680137,12.249326287054211
1000,20,28553,0.05732365538719459,8.964223449350403,3.310783857935076e-19,0.09534655061062337,1.868723646081075e-30,-0.006737861924831445,0.4977158065050875,12.249326287054211
1000,50,28523,0.15609909095101843,15.452085309694692,1.2055628003169811e-53,0.24929782626758473,1.5253621445383825e-79,-0.0006605684136019242,0.9661518629813802,12.249326287054211
