month,roi_pct,netProfit,profitFactor,totalTrades,winningTrades,losingTrades,avgTrade,maxEquityDDPct,ambiguous_same_bar,compounded_index
2021-10,-0.6178019021767068,-61.78019021767068,0.9429483489594471,18,7,11,-3.4322327898705933,4.900995009999988,0,0.9938219809782329
2021-11,9.393938357736534,939.3938357736533,1.7972507326335974,23,10,13,40.8432102510284,2.970099999999995,0,1.0871810052569644
2021-12,-4.37808058296343,-437.808058296343,0.747106252490256,26,7,19,-16.83877147293627,7.337963506523265,0,1.0395833447641427
2022-01,-4.1907661388960875,-419.0766138896088,0.7411837459620989,25,6,19,-16.76306455558435,7.267224218839329,0,0.9960168379661637
2022-02,6.970298688224466,697.0298688224466,1.4947806617588162,25,10,15,27.881194752897862,3.9489433773720424,0,1.0654421865574142
2022-03,6.0915586486358375,609.1558648635837,1.4116122790059522,23,8,15,26.48503760276451,3.9403989999999984,0,1.130344222218867
2022-04,2.982841867731295,298.2841867731295,1.214524714899001,21,7,14,14.204008893958546,3.9403990000000158,0,1.1640606029286933
2022-05,1.417175729696246,141.7175729696246,1.109290917322665,22,8,14,6.441707862255663,5.951424222877161,0,1.1805573872723545
2022-06,-11.914871816777358,-1191.4871816777359,0.4149479546738564,30,5,25,-39.716239389257865,15.04412811265921,0,1.0398954878553575
2022-07,9.487029095205143,948.7029095205144,1.9849177421940674,18,8,10,52.70571719558413,3.9403990000000158,0,1.1385506753479206
2022-08,10.277910705680297,1027.7910705680297,1.8408815877741362,23,11,12,44.68656828556651,3.9403989999999993,0,1.2555698970990998
2022-09,-7.838569697589081,-783.8569697589082,0.5726612138037221,26,7,19,-30.14834499072724,7.8951572289740755,1,1.1571511756130395
2022-10,0.23679622997229674,23.67962299722967,1.0174124316663502,22,6,16,1.076346499874076,7.247717227078508,0,1.1598912659719713
2022-11,-2.5706405511342565,-257.06405511342564,0.8677999129681419,29,7,22,-8.864277762531918,7.10449308222029,0,1.1300746307398315
2022-12,0.6564637463589316,65.64637463589315,1.0378539418037063,26,8,18,2.5248605629189673,6.614908304202703,0,1.137493160997438
2023-01,4.130826181002431,413.08261810024305,1.2481079264583628,25,8,17,16.523304724009723,4.2584156717516635,0,1.1844810262990322
2023-02,5.391597134469248,539.1597134469248,2.1327444936864217,11,5,6,49.01451940426589,1.9900000000000002,0,1.2483434713713026
2023-03,8.907805255279436,890.7805255279436,1.6916518785740386,25,10,15,35.631221021117746,4.8928962042755995,0,1.3595434767180532
2023-04,-2.3771096805777416,-237.71096805777415,0.8482071585630533,23,6,17,-10.33525948077279,5.6305196638238675,0,1.3272256371213251
2023-05,0.6484451483295743,64.84451483295743,1.033124438292335,29,8,21,2.236017752860601,7.131668049442158,0,1.3358319673726247
2023-06,-8.244376290798956,-824.4376290798955,0.5749308844302744,28,5,23,-29.444201038567694,12.626066054315105,0,1.2257009533696428
2023-07,-6.964894739727261,-696.489473972726,0.5820745887094804,23,5,18,-30.282151042292437,7.403737294977055,0,1.1403321721436137
2023-08,16.89451878655338,1689.451878655338,4.036111882489244,17,11,6,99.37952227384342,1.6085571784097352,0,1.3329858051955286
2023-09,4.8524635603689426,485.2463560368942,1.3143329372191674,26,9,17,18.663321386034394,9.287499864423143,0,1.3976684556575323
2023-10,14.923077986719619,1492.3077986719618,3.287469021245816,17,9,8,87.78281168658599,2.0328090638444185,0,1.6062436092910855
2023-11,7.053735063532749,705.3735063532749,1.5371211073682627,24,9,15,29.39056276471979,4.669123103263112,0,1.7195437779654048
2023-12,2.396333134627166,239.63331346271661,1.227622590971244,18,6,12,13.312961859039811,4.875987761484855,0,1.7607497752812096
2024-01,-3.689649134921929,-368.96491349219286,0.778336533922591,26,7,19,-14.190958211238186,8.420587069264625,0,1.6957842864294066
2024-02,-4.871528370202123,-487.15283702021225,0.7092942247637407,25,6,19,-19.48611348080849,9.939440415062748,1,1.6131736738185682
2024-03,13.17129669560205,1317.129669560205,2.50043985810456,20,9,11,65.85648347801025,4.448020949397848,0,1.8256495646125555
2024-04,11.730660448570198,1173.0660448570197,1.925389661781309,24,10,14,48.87775186904249,2.970100000000004,0,2.0398103160180545
2024-05,-2.320136280487259,-232.01362804872588,0.9022529888625208,36,10,26,-6.444823001353496,9.145550649096768,0,1.9924839368229978
2024-06,-8.504832151282772,-850.4832151282772,0.5426153567561344,26,6,20,-32.71089288954912,9.27246803548404,0,1.823026522354931
2024-07,3.8319993230160616,383.19993230160617,1.232976751869612,27,9,18,14.192590085244673,4.796705611783085,0,1.892884886349975
2024-08,-4.162540340034847,-416.2540340034848,0.7490572219684262,25,5,20,-16.650161360139393,7.6438943534392205,0,1.8140927893652345
2024-09,7.491600823047083,749.1600823047083,1.5535100868501095,25,9,16,29.966403292188332,7.169448758353567,0,1.949997379704158
2024-10,7.007263170731385,700.7263170731385,1.5230357817783342,23,9,14,30.466361611875588,4.900995009999971,0,2.086638827922395
2024-11,5.060108267622618,506.0108267622618,1.314407940965526,25,9,16,20.24043307049047,6.793465209300972,0,2.1922250117695197
2024-12,-5.991870464250005,-599.1870464250005,0.6161129768797009,24,5,19,-24.966126934375023,6.3512751832770125,0,2.0608697287794007
2025-01,9.16332971481799,916.3329714817992,1.5632085788231411,27,10,17,33.9382582030296,4.573747903750425,0,2.2497140170203322
2025-02,11.255183733722733,1125.5183733722733,1.909938486711596,22,10,12,51.15992606237606,1.9900000000000029,0,2.502923463119285
2025-03,6.67654697461283,667.6546974612829,1.5940844467923752,20,8,12,33.382734873064145,8.204083933461316,0,2.6700323238730506
2025-04,2.5411222385685326,254.11222385685323,1.1536797572787296,27,8,19,9.41156384655012,5.782932067339068,0,2.7378811090319566
2025-05,-2.8189585490778697,-281.895854907787,0.8436821513561659,28,8,20,-10.067709103849536,4.974897327190747,0,2.660701375445312
2025-06,-10.425154308948132,-1042.515430894813,0.5712681689499253,33,6,27,-31.591376693782216,17.40924761484004,0,2.3833191513548333
2025-07,-11.27091012670573,-1127.091012670573,0.5087323450627147,32,6,26,-35.22159414595541,12.638878222607492,0,2.1146973917730643
2025-08,-1.711086733018492,-171.1086733018492,0.8948470132672748,25,7,18,-6.844346932073968,8.670256835429251,0,2.078513085258947
2025-09,18.26573347928883,1826.5733479288829,2.648159254211032,23,12,11,79.41623251864708,4.900995010000007,1,2.45816874574449
2025-10,13.1495649921696,1314.9564992169599,1.9421346175603393,25,11,14,52.59825996867839,4.463301839533491,0,2.7814072425833616
2025-11,0.1602148850449157,16.021488504491572,1.014297369796224,18,6,12,0.8900826946939762,6.926570953625319,0,2.7858634709996974
2025-12,6.819546286165005,681.9546286165005,1.5783862027048674,22,8,14,30.997937664386384,3.0420124211525525,0,2.975846719873885
2026-01,16.22296587208084,1622.296587208084,2.4565576693407194,24,12,12,67.59569113367017,2.9700999999999977,0,3.458617317644463
2026-02,-1.1500653037918165,-115.00653037918164,0.836708911795153,12,3,9,-9.58387753159847,5.783149572995153,0,3.418840959883299
2026-03,6.298557501405284,629.8557501405285,1.584466595930876,19,8,11,33.150302638975184,4.387055093798772,0,3.634178623623145
2026-04,-0.5453452162402754,-54.53452162402755,0.9641543469566414,23,6,17,-2.371066157566415,4.925195143251117,0,3.6143598043495895
2026-05,1.474895226454355,147.4895226454355,1.1060508863211176,23,8,15,6.412587941105891,3.631015935331603,0,3.667667824570827
2026-06,1.3113300595338842,131.13300595338842,1.0765605853959017,27,9,18,4.856777998273645,8.648275251635908,0,3.7157630552382765
2026-07,-13.570018313684212,-1357.0018313684213,0.41106892553000773,30,5,25,-45.23339437894738,13.570018313684212,0,3.2115333281493306
2026-08,6.930181689028522,693.0181689028523,1.4991627879264429,23,8,15,30.13122473490662,4.900995010000034,0,3.4340984227937836
2026-09,1.2398636236914353,123.98636236914354,1.3262869544748996,7,3,4,17.712337481306218,2.7100145797403856,0,3.476676559939765
