month,roi_pct_bot,totalTrades_bot,roi_pct_trend,totalTrades_trend,maxDD_pct
2020-01,-1.478000000000029,6,6.345091728175194,24,9.158156091145496
2020-02,2.302700000000004,5,6.561917275634205,14,4.187447999999094
2020-03,4.722900000000009,8,0.05572533264614322,7,1.4158781258263298
2020-04,4.004099999999998,7,-1.6695693546369512,13,7.639951899872602
2020-05,-0.39549999999999275,7,-0.7169460440117837,10,3.2322938427406434
2020-06,-3.296599999999999,8,2.6533984337852963,10,3.293409578506689
2020-07,0.788799999999992,9,18.097787690009753,24,2.1163657730056453
2020-08,4.626800000000003,5,-1.3485122464094457,13,6.655444039189891
2020-09,3.664300000000003,6,-4.594520803851355,7,4.594520803851355
2020-10,-2.4220999999999915,7,-5.556178235215539,10,6.137678875321155
2020-11,-0.6576000000000022,5,-1.2406179770282324,5,2.0804539681374443
2020-12,-2.9684999999999855,7,-0.026614238877464235,16,4.090285349891076
2021-01,-1.1721000000000095,5,-4.765783106669569,8,7.048885831204416
2021-02,-2.990100000000002,8,-4.111385869299374,4,4.111385869299374
2021-03,-2.1370999999999913,7,-3.1401524710641384,8,4.303029792636281
2021-04,-3.2310999999999876,8,-3.560392950647147,17,6.377044176750296
2021-05,1.1261999999999899,5,8.305203027901408,16,3.8344503310180187
2021-06,-0.5639999999999964,8,-5.630232646621644,6,5.630232646621644
2021-07,-0.8508000000000175,5,-1.5049234846522632,14,5.196742586966453
2021-08,2.2015999999999987,7,-1.8607696432705596,12,3.7666596516994546
2021-09,-2.894300000000021,9,-1.9155123030333017,5,3.2063395552951284
2021-10,-3.210999999999985,9,-1.1446386159953181,16,4.140950817659196
2021-11,-1.9866999999999826,10,1.696030325947977,11,3.9840104401625456
2021-12,2.418000000000011,5,-1.041952850144462,16,4.263591471329284
2022-01,1.2495999999999914,7,-5.446628458555333,15,5.968403014157212
2022-02,-1.9331999999999971,10,8.516918740521778,16,3.0554273516848585
2022-03,0.2363000000000102,7,3.2791198603494194,11,5.345293209365745
2022-04,2.9739999999999966,5,0.9811069577050148,9,3.09900520940962
2022-05,-4.894600000000027,9,-2.904057173983074,7,4.23590013880457
2022-06,-7.195199999999968,11,-7.858755635578019,11,10.048327929701992
2022-07,2.324600000000009,6,2.921037532260179,5,1.0541178027879174
2022-08,2.4163000000000103,9,2.4589858711475245,9,3.113113705478448
2022-09,-2.3974000000000157,9,-2.88815992405438,4,2.88815992405438
2022-10,-4.380399999999991,8,-1.0565729537756305,8,5.740835640537034
2022-11,2.9826000000000024,6,1.9145344230069714,14,5.754074024738241
2022-12,-6.18630000000001,9,-3.9251194481919085,22,9.298700139633663
2023-01,-5.849300000000021,10,3.173531053742899,24,4.5487192713930025
2023-02,-2.5718000000000028,5,-1.0440614624247608,1,1.0440614624247608
2023-03,1.280099999999984,8,9.506578936932929,21,4.216206663006924
2023-04,-3.784599999999955,9,-1.451867758768949,12,4.111158319999335
2023-05,-3.6766999999999825,9,-1.2105771446355174,10,4.890419409102266
2023-06,-1.9634000000000196,7,-7.5590265639030445,8,7.5590265639030445
2023-07,-6.172899999999972,9,-3.076349353560163,16,7.1319246232955145
2023-08,-2.7827999999999884,7,3.091197130103101,5,1.0790293067697878
2023-09,1.6395999999999915,7,-4.950607756833124,11,7.174365212747748
2023-10,1.2338999999999942,6,13.707582310195868,13,2.0848953898487292
2023-11,8.46119999999999,8,6.179726824494192,13,2.6850903057470896
2023-12,-1.702300000000014,6,0.8576765694697496,17,5.711741732330837
2024-01,-2.3546000000000094,6,-1.303340274637012,8,3.2317874766854953
2024-02,-3.5772999999999957,6,0.5152435866817723,14,4.139393658963099
2024-03,1.483799999999992,8,15.256831561028067,17,2.4931535853886135
2024-04,2.8396000000000274,8,5.950817773676208,17,3.0642442380094637
2024-05,3.8006999999999973,6,2.9711359599800744,15,3.0570081069404336
2024-06,-1.1822999999999775,7,-3.4639801408157838,10,6.105518247926157
2024-07,2.4811999999999714,8,3.243113861810689,19,3.8474897075464325
2024-08,-2.914699999999993,9,-3.9657010996675854,22,6.092956589105557
2024-09,0.8448999999999978,6,7.8130498970214655,16,2.5254635969123593
2024-10,2.975599999999977,8,8.336573071821823,16,3.0954787608069476
2024-11,7.593500000000003,7,0.5054768079340102,10,5.580640871252824
2024-12,-5.466599999999999,9,-1.526107685346924,9,5.22448228959131
2025-01,1.1949999999999819,8,9.869325916449688,22,3.4471314485582383
2025-02,6.087700000000004,7,6.092646929825405,19,2.842630004287895
2025-03,6.560300000000025,8,8.826984844021027,17,6.013165359154937
2025-04,3.423299999999981,7,2.0726277046955874,20,4.98291339430315
2025-05,2.8183999999999836,7,-1.70004318284693,14,5.443288480952078
2025-06,1.3664999999999963,5,-0.8688267513828214,11,3.6459757305823617
2025-07,-4.188299999999999,9,-5.955221423414769,16,6.641926866990307
2025-08,-1.457300000000032,6,5.261564613457359,14,3.8194955838956846
2025-09,8.631799999999986,7,17.60744560967005,23,5.026521164494684
2025-10,5.333999999999996,8,10.395245287217405,21,4.534223768067256
2025-11,0.21419999999998254,8,4.0674013797912085,12,4.6231155553168595
2025-12,3.577999999999993,3,2.2850169563091005,21,4.0193438449530685
2026-01,7.104199999999983,6,14.741632457764245,22,3.1884010406290852
2026-02,1.1686000000000059,7,1.7207228739052334,8,2.995188465693318
2026-03,1.601900000000005,7,-6.163042530296316,9,7.784220430569221
2026-04,-1.8758000000000175,7,-1.2023579044364487,9,2.4981171924105823
2026-05,1.6971999999999936,7,0.05376964989067347,8,3.0055712635912495
2026-06,3.737500000000018,8,-3.986423798948217,4,3.986423798948217
2026-07,-2.4692000000000007,10,-5.906755205449372,11,6.0983172084650255
2026-08,4.2190000000000145,8,8.582392944062923,17,3.6443472438818474
