month,roi_pct,totalTrades,maxDD_pct,avg_garch_fvol,avg_efficiency
2017-01,8.870498833852489,16,1.9019774920310268,0.00811579225753536,0.11122207714316569
2017-02,-2.511498870451469,19,6.701954200282088,0.007557292994219846,0.07604974167536212
2017-03,2.6301811155980612,12,2.9267770636117496,0.007152470669329757,0.11909167727435181
2017-04,-2.5004165453676253,10,4.531927205312495,0.00681233200965754,0.07795767629157069
2017-05,5.59663659215832,11,2.6281787345137446,0.00732651698637508,0.14429563152016026
2017-06,-5.18967796341969,11,7.511315953232073,0.00718122306449721,0.08641608627896949
2017-07,6.786979956338728,12,3.322183696353241,0.006901072344305311,0.13290536048614424
2017-08,1.3607568206140968,23,4.706623712004184,0.006622199277451285,0.07886089287771
2017-09,1.9668125068914744,11,4.245815058555317,0.0073252598637454135,0.121308258736417
2017-10,-1.8041438651793031,9,5.42522731704253,0.00719678382489055,0.08035509640703642
2017-11,-4.551868009758037,17,4.750296868964015,0.006753895498445231,0.0416338436360418
2017-12,12.610996297258971,9,1.1590024039168794,0.006656937913282315,0.14629600477055435
2018-01,1.684875686213963,19,4.069601959364987,0.00653964012297393,0.12933977117722945
2018-02,-3.5854410999472752,7,3.791607420283864,0.006804004248878777,0.058978894776997734
2018-03,-4.1141705467320575,14,6.388052079357771,0.006888194296676441,0.061265183430145705
2018-04,-4.453386567318702,12,6.084535491731613,0.006985903357702298,0.06568295483548213
2018-05,-3.657865527468166,6,3.657865527468166,0.0065252196897566785,0.07799112532052963
2018-06,-7.584413154536014,10,7.584413154536014,0.005975500523517502,0.08382010379271881
2018-07,-5.137816046635034,6,5.137816046635034,0.00592147651588441,0.0744931494551824
2018-08,-1.7783979402043042,6,2.998737168780267,0.0062997210014556805,0.08886888902539031
2018-09,-5.190681404942316,9,5.243314262942313,0.006502088134817965,0.03199847880324925
2018-10,3.667332808989577,13,2.152283237930257,0.006744405518798073,0.07226839227369775
2018-11,-6.207806205156503,10,6.207806205156503,0.006472734739421031,0.051871535002474885
2018-12,10.098302239377462,13,2.22665482504421,0.005978034161700076,0.09507548733250969
2019-01,7.092374318682651,13,2.787233792875563,0.005788405979211553,0.07482253259246242
2019-02,-3.601425497214968,14,5.489266011408636,0.00569112701516162,0.08978929470221429
2019-03,-2.9495772636210495,13,5.329677377913022,0.006108557459920828,0.10695921224148061
2019-04,-3.5991802181272576,8,6.5565699688786445,0.006029704475815942,0.08061179366496381
2019-05,-1.5216271816576774,18,8.783848933535584,0.005614604528152878,0.05896732916109102
2019-06,15.2046828900714,23,4.230026006294569,0.006131129350473171,0.171349455184588
2019-07,-4.600835834945192,16,6.873291962261254,0.008709443082717976,0.048181313062152134
2019-08,4.003664833606944,14,3.605702797855419,0.009543351308022177,0.09013041007814236
2019-09,-1.6105052833073932,9,3.190667103752118,0.00941535556712463,0.06242413084493287
2019-10,-1.848327213093653,11,5.18724417078025,0.008577401810628564,0.03994476559656256
2019-11,-6.2744257502940854,7,6.2744257502940854,0.00747434300304049,0.07139871715673486
2019-12,9.723167190953063,15,3.2133779208444984,0.006434018130862791,0.08158961143908743
2020-01,6.345091728175194,24,9.158156091145496,0.007478908374107662,0.11630781656854278
2020-02,6.561917275634205,14,4.187447999999094,0.007318639328307539,0.09919411927240543
2020-03,0.0557253326461432,7,1.4158781258263298,0.014594896394013138,0.06293573757561376
2020-04,-1.6695693546369512,13,7.639951899872602,0.01744062379510841,0.08662094367966353
2020-05,-0.7169460440117837,10,3.2322938427406434,0.012446894913022989,0.05079308777582369
2020-06,2.6533984337852963,10,3.293409578506689,0.00969693017548855,0.05673281131126675
2020-07,18.097787690009753,24,2.1163657730056453,0.007979624023962842,0.1334077304647768
2020-08,-1.3485122464094457,13,6.655444039189891,0.01382837873330959,0.0804657972811373
2020-09,-4.594520803851355,7,4.594520803851355,0.012319625009279843,0.05927193860382427
2020-10,-5.556178235215539,10,6.137678875321155,0.009890496031555583,0.044257141575528715
2020-11,-1.2406179770282324,5,2.0804539681374443,0.010371031156761105,0.077937904384679
2020-12,-0.0266142388774642,16,4.090285349891076,0.010000568935437982,0.06779987030879481
2021-01,-4.765783106669569,8,7.048885831204416,0.010004214888950418,0.07291871822059111
2021-02,-4.111385869299374,4,4.111385869299374,0.009040406394502836,0.05943351906905611
2021-03,-3.1401524710641384,8,4.303029792636281,0.009259975208508091,0.0776629629557141
2021-04,-3.560392950647147,17,6.377044176750296,0.008783339344693464,0.0724216670240795
2021-05,8.305203027901408,16,3.8344503310180182,0.008235201448580472,0.10799560950979395
2021-06,-5.630232646621644,6,5.630232646621644,0.00822032867764056,0.10767335635832063
2021-07,-1.5049234846522632,14,5.196742586966453,0.007316648835354472,0.049388019661099125
2021-08,-1.8607696432705596,12,3.7666596516994546,0.00827758335617281,0.08669792653754196
2021-09,-1.9155123030333017,5,3.2063395552951284,0.008185386472148849,0.08009342037649507
2021-10,-1.144638615995318,16,4.140950817659196,0.0079483828925808,0.04580048178298799
2021-11,1.696030325947977,11,3.9840104401625456,0.007811496587836069,0.10975476003474409
2021-12,-1.041952850144462,16,4.263591471329284,0.007125218447209333,0.05803275759833169
2022-01,-5.446628458555333,15,5.968403014157212,0.006911263660755445,0.06076666262393402
2022-02,8.516918740521778,16,3.0554273516848585,0.0074720878442632475,0.13101664008079078
2022-03,3.2791198603494194,11,5.345293209365745,0.010316637437157841,0.0630187519720086
2022-04,0.9811069577050148,9,3.09900520940962,0.009079850223123105,0.07337323074921051
2022-05,-2.904057173983074,7,4.23590013880457,0.008962453492886982,0.08513686916576281
2022-06,-7.858755635578019,11,10.048327929701992,0.008947338824125151,0.03536273447793697
2022-07,2.921037532260179,5,1.0541178027879174,0.008286334202401923,0.11387105460276964
2022-08,2.4589858711475245,9,3.113113705478448,0.008113188162487196,0.10132842994893065
2022-09,-2.88815992405438,4,2.88815992405438,0.007709969310749359,0.07994215358253481
2022-10,-1.0565729537756303,8,5.740835640537034,0.009259341442826564,0.0707590290229715
2022-11,1.9145344230069712,14,5.754074024738241,0.010985767534693332,0.1111585530981833
2022-12,-3.925119448191909,22,9.298700139633665,0.010155509482915957,0.06107270359421955
2023-01,3.173531053742899,24,4.5487192713930025,0.009221388897954833,0.10541962649193247
2023-02,-1.0440614624247608,1,1.0440614624247608,0.008732564714559306,0.0996386366272667
2023-03,9.506578936932929,21,4.216206663006924,0.00987024715223882,0.0922339388079619
2023-04,-1.451867758768949,12,4.111158319999335,0.010541845821470927,0.05797681303136836
2023-05,-1.2105771446355174,10,4.890419409102266,0.009346059512479589,0.08179958309197381
2023-06,-7.5590265639030445,8,7.5590265639030445,0.007976305784331766,0.05180833893763262
2023-07,-3.076349353560163,16,7.1319246232955145,0.0068803321418839936,0.06966803120224892
2023-08,3.091197130103101,5,1.0790293067697878,0.00631337986080779,0.10164038991122754
2023-09,-4.950607756833124,11,7.174365212747748,0.0057677947850332005,0.07591055897590593
2023-10,13.707582310195868,13,2.0848953898487292,0.00808526508440252,0.20552594921464967
2023-11,6.179726824494192,13,2.6850903057470896,0.008041719239653584,0.08986771046915912
2023-12,0.8576765694697496,17,5.711741732330837,0.010763177591691181,0.08468470656251033
2024-01,-1.303340274637012,8,3.2317874766854953,0.008609565619768248,0.05143343489698799
2024-02,0.5152435866817723,14,4.139393658963099,0.006968861455615197,0.059951055122130587
2024-03,15.256831561028068,17,2.4931535853886135,0.008252166101054375,0.15113049236717477
2024-04,5.950817773676208,17,3.0642442380094637,0.010015729439259389,0.12025331436034943
2024-05,2.9711359599800744,15,3.0570081069404336,0.010050066369141266,0.0765379730038131
2024-06,-3.463980140815784,10,6.105518247926157,0.010182887692172328,0.05030997919807501
2024-07,3.243113861810689,19,3.847489707546433,0.009895182169400366,0.09212702688049583
2024-08,-3.9657010996675854,22,6.092956589105557,0.010216018002670912,0.07756395207622041
2024-09,7.8130498970214655,16,2.5254635969123593,0.008958404387834306,0.09790893636724408
2024-10,8.336573071821823,16,3.0954787608069476,0.008201170266002132,0.09236681679602467
2024-11,0.5054768079340102,10,5.580640871252824,0.009765693557556566,0.09835496290884901
2024-12,-1.526107685346924,9,5.22448228959131,0.010227688459277903,0.05584646263863429
2025-01,9.869325916449688,22,3.4471314485582383,0.008527227116265492,0.10537375396417308
2025-02,6.092646929825405,19,2.842630004287895,0.00865218813805394,0.11217533457074355
2025-03,8.826984844021027,17,6.013165359154937,0.0084666793036902,0.0978686389151617
2025-04,2.072627704695587,20,4.98291339430315,0.01319475110642988,0.09204593236827001
2025-05,-1.70004318284693,14,5.443288480952078,0.014538114830005344,0.05444579415259486
2025-06,-0.8688267513828214,11,3.6459757305823617,0.012398417441184854,0.049275098450887074
2025-07,-5.955221423414769,16,6.641926866990307,0.009369613144774344,0.04116955705445245
2025-08,5.261564613457359,14,3.819495583895685,0.008798393062307123,0.055982311654451354
2025-09,17.60744560967005,23,5.026521164494684,0.008864969097340043,0.17204215861090996
2025-10,10.395245287217405,21,4.534223768067256,0.012636574842309367,0.13712608951641178
2025-11,4.0674013797912085,12,4.6231155553168595,0.014409781639253296,0.06011087121063214
2025-12,2.2850169563091005,21,4.0193438449530685,0.010936093190825846,0.0900729190481631
2026-01,14.741632457764243,22,3.1884010406290852,0.012937717472098183,0.13612156755761637
2026-02,1.7207228739052334,8,2.995188465693318,0.02699178158566333,0.04080080840920303
2026-03,-6.163042530296316,9,7.784220430569221,0.020367739433425715,0.10292497191923738
2026-04,-1.2023579044364487,9,2.4981171924105823,0.019507253901343266,0.062344275184432606
2026-05,0.0537696498906734,8,3.0055712635912495,0.014730594632735738,0.06562333582884074
2026-06,-3.986423798948217,4,3.986423798948217,0.014864236910563914,0.083254246394864
2026-07,-5.906755205449372,11,6.0983172084650255,0.013887905969066881,0.04063901662174036
2026-08,8.582392944062923,17,3.6443472438818474,0.016296839256295017,0.1205242766862829
2026-09,0.0,0,0.0,0.0165589039120393,0.08575006454055274
