month,roi_pct_bot,totalTrades_bot,roi_pct_base,totalTrades_base
2021-10,-3.210999999999985,9,-1.6118797454474407,18
2021-11,-1.9866999999999826,10,8.085496929946803,23
2021-12,2.418000000000011,5,-6.088676210897248,26
2022-01,1.2495999999999914,7,-5.70197736064385,25
2022-02,-1.9331999999999971,10,5.557530749943708,25
2022-03,0.2363000000000102,7,5.2683498279568814,23
2022-04,2.9739999999999966,5,2.0296419407639767,21
2022-05,-4.894600000000027,9,0.3970342315501512,22
2022-06,-7.195199999999968,11,-13.341238645619615,30
2022-07,2.324600000000009,6,8.551912613359129,18
2022-08,2.4163000000000103,9,8.792291625721681,23
2022-09,-2.3974000000000157,9,-9.005901110160885,26
2022-10,-4.380399999999991,8,-0.779635864997872,22
2022-11,2.9826000000000024,6,-4.0941108301227,29
2022-12,-6.18630000000001,9,-0.7458502461884745,26
2023-01,-5.849300000000021,10,2.859847986953355,25
2023-02,-2.5718000000000028,5,4.851104711210973,11
2023-03,1.280099999999984,8,7.62882380281815,25
2023-04,-3.784599999999955,9,-3.3627536173475345,23
2023-05,-3.6766999999999825,9,-0.8299729239990483,29
2023-06,-1.9634000000000196,7,-9.673986822521421,28
2023-07,-6.172899999999972,9,-8.32078398803509,23
2023-08,-2.7827999999999884,7,15.46582023456969,17
2023-09,1.6395999999999915,7,2.5948255121395416,26
2023-10,1.2338999999999942,6,13.915875582837398,17
2023-11,8.46119999999999,8,5.49604957767635,24
2023-12,-1.702300000000014,6,1.5362889241720585,18
2024-01,-2.3546000000000094,6,-5.067657606675603,26
2024-02,-3.5772999999999957,6,-6.438835675113951,25
2024-03,1.483799999999992,8,12.123100242871987,20
2024-04,2.8396000000000274,8,10.952145825845601,24
2024-05,3.8006999999999973,6,-3.6680264655459176,36
2024-06,-1.1822999999999775,7,-9.444691102852321,26
2024-07,2.4811999999999714,8,2.7115120205587666,27
2024-08,-2.914699999999993,9,-5.040505111725943,25
2024-09,0.8448999999999978,6,6.486760078602111,25
2024-10,2.975599999999977,8,6.101096937628936,23
2024-11,7.593500000000003,7,4.274062329244444,25
2024-12,-5.466599999999999,9,-6.835538427545908,24
2025-01,1.1949999999999819,8,7.980879573347702,27
2025-02,6.087700000000004,7,10.534511609204818,22
2025-03,6.560300000000025,8,6.022715012173357,20
2025-04,3.423299999999981,7,2.1100655962809833,27
2025-05,2.8183999999999836,7,-3.3169918569786754,28
2025-06,1.3664999999999963,5,-11.111457405699147,33
2025-07,-4.188299999999999,9,-12.099293895195606,32
2025-08,-1.457300000000032,6,-2.4861602560808933,25
2025-09,8.631799999999986,7,17.607294818512038,23
2025-10,5.333999999999996,8,12.798310902210105,25
2025-11,0.21419999999998254,8,-0.10863164970618527,18
2025-12,3.577999999999993,3,6.431237902412376,22
2026-01,7.104199999999983,6,15.937334813887356,24
2026-02,1.1686000000000059,7,-1.240639185041764,12
2026-03,1.601900000000005,7,6.159362660104998,19
2026-04,-1.8758000000000175,7,-0.7891494332800357,23
2026-05,1.6971999999999936,7,1.1894936950770354,23
2026-06,3.737500000000018,8,1.0054819542263975,27
2026-07,-2.4692000000000007,10,-13.946369277724335,30
2026-08,4.2190000000000145,8,6.604397577243362,23
