month,roi_pct,totalTrades
2021-10,4.410088618512291,12
2021-11,2.7730768934816297,10
2021-12,1.458756885650091,15
2022-01,-4.68243359080634,19
2022-02,10.944044528397917,17
2022-03,3.1134121541009514,15
2022-04,-1.115285444721394,11
2022-05,-3.2118065300805574,8
2022-06,-9.908031345388354,14
2022-07,4.34254499831437,5
2022-08,0.2820587632538991,11
2022-09,-3.5590912795525216,5
2022-10,-2.0996044736051775,9
2022-11,8.120979773033122,15
2022-12,1.3707461791126114,24
2023-01,4.096868219042899,24
2023-02,-2.613365112817937,3
2023-03,10.951620935438022,22
2023-04,-4.511356129186534,15
2023-05,0.37281840264464333,11
2023-06,-8.395902338573487,12
2023-07,-0.5057837708191982,17
2023-08,5.576891017568487,6
2023-09,-4.942763126433638,11
2023-10,13.581319364713398,14
2023-11,5.782284230533132,14
2023-12,1.8451390501422429,17
2024-01,-6.448588126944978,13
2024-02,1.1731202308960018,11
2024-03,15.762650861117072,19
2024-04,4.861504919487761,18
2024-05,1.0321412356834663,19
2024-06,-5.53547679813897,16
2024-07,3.539954837977366,19
2024-08,-3.1330566967899545,22
2024-09,10.288372372833873,18
2024-10,6.786616092626918,19
2024-11,2.6642589836080695,10
2024-12,-5.560396028337945,13
2025-01,11.07490324901497,22
2025-02,8.097097805414979,17
2025-03,13.34242359722515,14
2025-04,3.2378215940156228,20
2025-05,-1.3740457244716164,16
2025-06,-6.807434314550574,17
2025-07,-1.3851187880336329,15
2025-08,2.6215031415656815,17
2025-09,18.819032857021483,22
2025-10,10.395245287217405,21
2025-11,5.140599985354165,11
2025-12,6.658620313409373,20
2026-01,16.80272805071014,21
2026-02,1.7332508337440595,8
2026-03,-6.63765581233536,10
2026-04,-2.200905517991123,10
2026-05,-0.22825564427357675,10
2026-06,-5.920030402297525,6
2026-07,-4.028040434726391,15
2026-08,6.836288848095828,22
2026-09,0.0,0
