month,roi_pct,totalTrades,maxDD_pct
2021-10,2.7960095904286755,13,3.386378390606043
2021-11,0.6219892589963456,12,3.9840104401625442
2021-12,1.426625897299873,15,3.3165641793500433
2022-01,-4.692515871841424,19,5.698001379570579
2022-02,7.606312506327995,17,3.0554273516848443
2022-03,2.427861820800863,12,6.130369943722587
2022-04,-0.08134834147975198,10,3.099005209409615
2022-05,-3.214214559546763,8,3.537341881596414
2022-06,-8.953552104904938,13,11.118980346597915
2022-07,4.339255613318165,5,1.0531843389941782
2022-08,0.2812350951968983,11,3.113113705478448
2022-09,-3.5679954643649037,5,3.5893193297718793
2022-10,-2.1002475298580796,9,6.735099699722989
2022-11,-1.2766654298334106,17,7.7403216647095805
2022-12,2.7376332860656114,23,4.276349130307287
2023-01,4.26303096307358,23,3.5407653840229534
2023-02,-2.0879006111961464,2,2.0879006111961464
2023-03,9.054323167743043,23,4.00726766398635
2023-04,-2.4808033869503014,13,5.111468292744441
2023-05,0.3197272468705705,11,4.139650940382847
2023-06,-6.340752751455966,7,6.340752751455966
2023-07,-1.5013460565653076,15,6.126135373139325
2023-08,5.576891017568487,6,1.0790293067697854
2023-09,-4.942763126433638,11,7.166704113825192
2023-10,12.717371208394814,14,2.1765402795375897
2023-11,6.961920843135558,13,2.2773811330576246
2023-12,-0.9357099476907206,19,7.390816143448664
2024-01,-5.436139292421412,12,7.286402260397789
2024-02,1.1744545102838673,11,3.110250213330125
2024-03,15.257552576223096,17,2.4931535853886135
2024-04,5.9512403461032415,17,3.0642442380094637
2024-05,-0.035614855391741,20,4.105719747549683
2024-06,-5.091595792325807,12,7.368747007154037
2024-07,2.1850297422034055,20,4.8476048980803865
2024-08,-3.2228953535089566,22,5.576546198010594
2024-09,9.87462059620926,18,2.8967784208014327
2024-10,6.438057009512341,18,4.38548588847224
2024-11,2.2990703160291743,10,4.155888071500347
2024-12,-1.5128266565453667,9,5.217699970931868
2025-01,11.07490324901497,22,2.757774554507912
2025-02,6.092646929825405,19,2.842630004287895
2025-03,10.46333552430131,17,4.7718222118747144
2025-04,2.485668577497217,20,4.7590123195776135
2025-05,-1.5437646169690744,16,5.293177271534988
2025-06,-3.882911969811994,14,6.5756216811882044
2025-07,-5.743697933394232,16,5.743697933394232
2025-08,4.185170259894093,15,4.803027913635793
2025-09,18.818509358070823,22,4.048240848281791
2025-10,10.395245287217405,21,4.534223768067256
2025-11,4.067728009273706,12,4.622847544951444
2025-12,5.573278579557809,21,3.0951834055291214
2026-01,16.499182905647046,21,3.188351958538181
2026-02,2.7638331450072475,7,2.0027116455660505
2026-03,-4.626175558397044,8,6.84422220313645
2026-04,-1.2023579044364487,9,2.4981171924105823
2026-05,0.26872755919072006,8,3.0055712635912495
2026-06,-5.920268922313589,6,5.920268922313589
2026-07,-6.564582802694622,14,7.90079104303948
2026-08,8.580822607226292,17,3.6443472438818487
2026-09,0.0,0,0.0
