month,roi_pct,netProfit,startingCapital,profitFactor,totalTrades,winningTrades,losingTrades,avgTrade,maxEquityDDPct,maxBalanceDDPct,compounded_index,compounded_dd_pct
2020-01,-0.72,-72.02,10000,0.64,6,2,4,-17.43,3.8107336287543037,1.8914000000000124,0.9928,0.72
2020-02,3.12,311.61,10000,2.28,5,2,3,55.46,3.569838339101996,2.163600000000006,1.0238,0.0
2020-03,4.91,490.53,10000,2.89,8,5,3,61.32,3.5310630262812692,1.9304414823361589,1.074,0.0
2020-04,4.25,424.89,10000,4.35,7,4,3,60.7,2.300216744321636,0.9526696031224271,1.1197,0.0
2020-05,-0.08,-8.35,10000,0.96,7,2,5,-1.19,3.046957289103164,1.696336067581886,1.1188,0.08
2020-06,-2.92,-291.74,10000,0.43,8,1,7,-36.47,5.029284845787678,4.299200000000019,1.0861,3.0
2020-07,1.31,130.72,10000,1.22,9,3,6,14.52,4.211736584923077,4.203584592719242,1.1004,1.73
2020-08,4.79,478.52,10000,4.64,5,3,2,95.7,2.0931479816940692,1.2391152112301647,1.1531,0.0
2020-09,3.57,357.18,10000,6.09,6,3,3,65.07,2.335370514851326,0.7645778174742307,1.1942,0.0
2020-10,-2.09,-209.09,10000,0.38,7,2,5,-29.87,2.727741476552984,2.090899999999965,1.1693,2.09
2020-11,-0.45,-44.64,10000,0.89,5,2,3,-8.93,3.6403722790188513,2.5384000000000015,1.164,2.53
2020-12,-2.63,-263.25,10000,0.19,7,3,4,-37.61,4.555234795053633,2.978962126247162,1.1334,5.09
2021-01,-0.96,-96.09,10000,0.7,5,1,4,-19.22,4.554977757561252,3.1837999530773313,1.1225,6.01
2021-02,-2.68,-267.81,10000,0.47,8,1,7,-33.48,4.548444366250651,4.091599999999981,1.0924,8.52
2021-03,-1.66,-166.11,10000,0.58,7,2,5,-26.07,5.412335584255782,4.316210507392928,1.0743,10.04
2021-04,-2.76,-275.59,10000,0.47,8,2,6,-34.45,3.6664447640898294,3.249809721372406,1.0446,12.53
2021-05,1.38,138.06,10000,2.14,5,2,3,27.61,2.1080707664424128,1.10078139480436,1.0591,11.32
2021-06,-0.12,-11.76,10000,0.98,8,2,6,-1.47,4.401108918804175,3.9095000000000075,1.0578,11.42
2021-07,-0.54,-53.88,10000,0.76,5,2,3,-10.78,3.735138299285242,1.8210999999999877,1.0521,11.9
2021-08,2.67,266.72,10000,1.94,7,3,4,38.1,2.7771385754684452,1.4276908660428547,1.0802,9.55
2021-09,-2.39,-239.03,10000,0.52,9,1,8,-26.56,3.6546923358349948,3.3310819108436904,1.0543,11.71
2021-10,-2.7,-270.22,10000,0.47,9,2,7,-30.02,3.9015537824704642,3.6778000000000066,1.0259,14.1
2021-11,-1.49,-149.23,10000,0.8,10,3,7,-14.92,5.510079534798339,4.455200000000004,1.0106,15.38
2021-12,5.03,503.01,10000,4.08,5,4,1,54.6,1.5852913296410844,0.8864999999999963,1.0614,11.12
2022-01,1.74,174.4,10000,1.54,7,2,5,24.91,3.3877777798919797,2.793037755786426,1.0799,9.57
2022-02,-0.75,-75.33,10000,0.78,10,4,6,-13.52,3.041800000000021,2.666691662481517,1.0718,10.25
2022-03,0.49,48.59,10000,1.11,7,2,5,6.94,3.4586672869922093,3.2123558817580284,1.0771,9.81
2022-04,3.2,319.96,10000,2.88,5,2,3,63.99,1.7639158971731432,1.1883357543605269,1.1115,6.93
2022-05,-4.49,-449.14,10000,0.18,9,2,7,-49.9,5.665673693858835,4.491399999999994,1.0616,11.1
2022-06,-6.64,-664.32,10000,0,11,0,11,-60.39,7.498560808206506,6.6431999999999976,0.9911,17.01
2022-07,2.63,262.7,10000,2.24,6,3,3,43.78,2.907655125573014,1.8782035933995644,1.0172,14.82
2022-08,2.99,298.75,10000,1.97,9,5,4,33.19,3.1548210686770903,1.9852383019290487,1.0476,12.28
2022-09,-1.93,-193.18,10000,0.61,9,3,6,-21.46,3.7521878790512706,2.6560675880201545,1.0274,13.97
2022-10,-4,-400.12,10000,0.2,8,2,6,-50.02,4.205051650088589,4.0011999999999714,0.9863,17.41
2022-11,3.28,328.5,10000,2.7,6,3,3,54.75,2.005761648657436,1.459850451486541,1.0186,14.7
2022-12,-5.68,-567.75,10000,0,9,0,9,-63.08,6.094411765293724,5.677499999999982,0.9608,19.55
2023-01,-5.35,-534.69,10000,0.16,10,2,8,-53.89,5.709558951769222,5.388499999999985,0.9094,23.85
2023-02,-1.73,-173.5,10000,0.03,5,1,4,-46.54,4.332146011011868,2.4076113130554075,0.8936,25.17
2023-03,1.62,162.09,10000,1.45,8,3,5,20.26,2.7666833444679146,1.539332570534207,0.9081,23.96
2023-04,-3.38,-338.14,10000,0.36,9,3,6,-37.57,6.200607362066245,5.19849604255601,0.8774,26.53
2023-05,-3.47,-346.97,10000,0.33,9,1,8,-36.16,3.967971972988175,3.254300000000021,0.847,29.08
2023-06,-1.6,-160.34,10000,0.34,7,3,4,-22.91,2.8667769081831365,2.0671617784864127,0.8334,30.21
2023-07,-5.64,-563.53,10000,0.11,9,1,8,-62.61,5.799076175558579,5.63529999999997,0.7864,34.15
2023-08,-2.27,-227.4,10000,0.31,7,2,5,-32.49,4.229051903127912,3.305827998375806,0.7686,35.64
2023-09,2.92,291.64,10000,1.78,7,2,5,31.79,2.5826023201967323,2.3509000000000015,0.791,33.76
2023-10,1.56,155.55,10000,1.88,6,4,2,25.92,2.5098429451129074,1.0439757997172225,0.8034,32.73
2023-11,9.35,934.92,10000,8.89,8,6,2,112.54,2.7333536931532625,1.101788704565341,0.8785,26.44
2023-12,-1.42,-142.39,10000,0.63,6,1,5,-23.73,4.025500626392814,3.280527003638166,0.866,27.49
2024-01,-2.06,-206.09,10000,0.3,6,1,5,-34.12,3.1883757032817885,2.0473999999999797,0.8482,28.98
2024-02,-2.99,-298.85,10000,0.16,6,1,5,-52.74,4.454917049266801,3.3096322420047604,0.8228,31.1
2024-03,1.83,183.42,10000,1.4,8,3,5,22.93,3.1224174446216004,2.6453551251088836,0.8378,29.84
2024-04,3.06,306.04,10000,1.88,8,3,5,38.26,3.118027677322148,2.6095999999999915,0.8635,27.69
2024-05,4.02,402.15,10000,6.02,6,3,3,67.02,2.782480733930818,0.4196999999999934,0.8982,24.79
2024-06,-0.91,-91.35,10000,0.72,7,2,5,-13.05,3.3973479830898228,3.2114536670371887,0.89,25.47
2024-07,2.8,280.28,10000,1.84,8,4,4,35.03,3.587885702859217,2.2255967398593803,0.9149,23.39
2024-08,-2.59,-258.83,10000,0.43,9,3,6,-28.87,4.732552410598564,3.2098075963756973,0.8912,25.37
2024-09,1.07,107.05,10000,1.4,6,3,3,17.84,2.8361959246449704,1.6261000000000057,0.9008,24.57
2024-10,3.29,328.76,10000,2.29,8,4,4,41.1,2.9572278549303337,1.2580594433086998,0.9304,22.09
2024-11,7.82,782.39,10000,5.13,7,5,2,111.77,2.199535373334778,1.7274991728893554,1.0032,16.0
2024-12,-5.39,-539.19,10000,0.07,9,2,7,-57.22,6.927533889015929,5.1497999999999955,0.9491,20.53
2025-01,1.53,152.62,10000,1.44,8,4,4,19.08,3.673099999999995,3.2448999999999977,0.9636,19.31
2025-02,6.3,630.37,10000,4.26,7,5,2,90.05,2.596956987578498,0.9526107815340329,1.0243,14.23
2025-03,6.83,682.91,10000,4.36,8,6,2,85.36,2.961894912692421,2.0352000000000046,1.0943,8.37
2025-04,3.52,351.93,10000,2.52,7,3,4,50.28,3.0218340119080955,2.0175881133052336,1.1328,5.14
2025-05,2.94,293.84,10000,1.99,7,4,3,41.98,3.4119064780611117,2.8094491757463724,1.1661,2.35
2025-06,1.47,146.73,10000,2.46,5,2,3,29.35,2.6848927347403486,0.9996846672441144,1.1833,0.92
2025-07,-3.92,-392.43,10000,0,9,1,8,-43.6,4.83080214158899,3.924299999999967,1.1369,4.8
2025-08,-1.26,-125.57,10000,0.64,6,1,5,-20.93,4.208067618281074,3.4415000000000147,1.1226,6.0
2025-09,8.79,878.54,10000,10.76,7,6,1,125.51,1.3978825815082152,0.8221175189589434,1.2212,0.0
2025-10,5.43,543,10000,2.83,8,5,3,67.88,2.5040326468861727,1.897687825878065,1.2875,0.0
2025-11,0.34,34.38,10000,1.08,8,3,5,4.3,3.4128782565575486,2.0191999999999823,1.2919,0.0
2025-12,3.63,362.6,10000,5.37,3,2,1,120.87,1.1130734792787584,0.8126737141480399,1.3388,0.0
2026-01,9.52,951.58,10000,0,6,6,0,119.44,2.2390636642858404,0,1.4663,0.0
2026-02,1.22,121.66,10000,1.39,7,2,5,17.38,3.9273935626150482,3.081399999999994,1.4842,0.0
2026-03,2.8,279.66,10000,1.58,7,3,4,23.57,3.5497050382653175,2.8612000000000077,1.5257,0.0
2026-04,-1.8,-180.38,10000,0.53,7,1,6,-25.77,2.6694563760198315,2.2403000000000066,1.4983,1.8
2026-05,1.77,176.92,10000,1.87,7,3,4,25.27,2.0873821902889094,1.2659634082798217,1.5248,0.06
2026-06,3.82,382.39,10000,2.04,8,4,4,47.8,1.9978214165700683,1.7282569394357599,1.583,0.0
2026-07,-2.09,-208.88,10000,0.45,10,2,8,-23.49,3.8658431734462693,3.3118274459481176,1.5499,2.09
2026-08,5.04,504.28,10000,4.45,8,5,3,53.94,2.5087045972273003,1.221792013766662,1.6281,0.0
